"id","y"
5500,"1"
5501,"0"
5502,"1"
5503,"1"
5504,"1"
5505,"0"
5506,"1"
5507,"0"
5508,"0"
5509,"0"
5510,"0"
5511,"1"
5512,"1"
5513,"1"
5514,"1"
5515,"0"
5516,"1"
5517,"0"
5518,"1"
5519,"1"
5520,"1"
5521,"1"
5522,"1"
5523,"1"
5524,"1"
5525,"1"
5526,"1"
5527,"1"
5528,"1"
5529,"0"
5530,"1"
5531,"1"
5532,"0"
5533,"0"
5534,"1"
5535,"0"
5536,"0"
5537,"0"
5538,"1"
5539,"0"
5540,"0"
5541,"0"
5542,"0"
5543,"1"
5544,"0"
5545,"1"
5546,"0"
5547,"1"
5548,"1"
5549,"1"
5550,"1"
5551,"1"
5552,"0"
5553,"1"
5554,"1"
5555,"1"
5556,"0"
5557,"0"
5558,"1"
5559,"1"
5560,"1"
5561,"0"
5562,"1"
5563,"1"
5564,"1"
5565,"1"
5566,"1"
5567,"1"
5568,"1"
5569,"0"
5570,"0"
5571,"1"
5572,"1"
5573,"0"
5574,"1"
5575,"1"
5576,"1"
5577,"1"
5578,"0"
5579,"0"
5580,"1"
5581,"1"
5582,"1"
5583,"1"
5584,"1"
5585,"1"
5586,"0"
5587,"0"
5588,"0"
5589,"0"
5590,"0"
5591,"1"
5592,"1"
5593,"1"
5594,"1"
5595,"1"
5596,"0"
5597,"0"
5598,"0"
5599,"1"
5600,"0"
5601,"1"
5602,"1"
5603,"1"
5604,"1"
5605,"1"
5606,"0"
5607,"1"
5608,"0"
5609,"0"
5610,"1"
5611,"0"
5612,"0"
5613,"1"
5614,"0"
5615,"1"
5616,"1"
5617,"1"
5618,"1"
5619,"1"
5620,"1"
5621,"1"
5622,"1"
5623,"0"
5624,"0"
5625,"1"
5626,"0"
5627,"1"
5628,"0"
5629,"1"
5630,"1"
5631,"1"
5632,"0"
5633,"0"
5634,"1"
5635,"1"
5636,"0"
5637,"0"
5638,"1"
5639,"1"
5640,"1"
5641,"1"
5642,"1"
5643,"0"
5644,"1"
5645,"0"
5646,"1"
5647,"1"
5648,"1"
5649,"0"
5650,"1"
5651,"0"
5652,"0"
5653,"0"
5654,"0"
5655,"0"
5656,"0"
5657,"1"
5658,"1"
5659,"1"
5660,"1"
5661,"1"
5662,"1"
5663,"1"
5664,"1"
5665,"0"
5666,"1"
5667,"1"
5668,"1"
5669,"1"
5670,"1"
5671,"1"
5672,"0"
5673,"0"
5674,"0"
5675,"0"
5676,"1"
5677,"1"
5678,"0"
5679,"0"
5680,"1"
5681,"1"
5682,"0"
5683,"0"
5684,"0"
5685,"1"
5686,"0"
5687,"0"
5688,"1"
5689,"0"
5690,"1"
5691,"1"
5692,"0"
5693,"1"
5694,"1"
5695,"0"
5696,"0"
5697,"0"
5698,"1"
5699,"1"
5700,"1"
5701,"0"
5702,"0"
5703,"0"
5704,"1"
5705,"1"
5706,"1"
5707,"1"
5708,"0"
5709,"1"
5710,"0"
5711,"1"
5712,"1"
5713,"1"
5714,"0"
5715,"0"
5716,"1"
5717,"0"
5718,"1"
5719,"0"
5720,"0"
5721,"0"
5722,"0"
5723,"0"
5724,"1"
5725,"0"
5726,"1"
5727,"0"
5728,"1"
5729,"1"
5730,"1"
5731,"0"
5732,"1"
5733,"1"
5734,"0"
5735,"0"
5736,"1"
5737,"0"
5738,"0"
5739,"1"
5740,"1"
5741,"1"
5742,"0"
5743,"0"
5744,"1"
5745,"1"
5746,"1"
5747,"1"
5748,"1"
5749,"0"
5750,"1"
5751,"0"
5752,"0"
5753,"0"
5754,"0"
5755,"1"
5756,"1"
5757,"0"
5758,"1"
5759,"1"
5760,"0"
5761,"1"
5762,"1"
5763,"1"
5764,"1"
5765,"1"
5766,"0"
5767,"1"
5768,"1"
5769,"1"
5770,"1"
5771,"1"
5772,"0"
5773,"0"
5774,"0"
5775,"0"
5776,"1"
5777,"1"
5778,"1"
5779,"0"
5780,"1"
5781,"1"
5782,"0"
5783,"0"
5784,"0"
5785,"1"
5786,"1"
5787,"0"
5788,"1"
5789,"0"
5790,"1"
5791,"1"
5792,"1"
5793,"0"
5794,"1"
5795,"1"
5796,"1"
5797,"1"
5798,"0"
5799,"1"
5800,"0"
5801,"0"
5802,"1"
5803,"1"
5804,"1"
5805,"1"
5806,"0"
5807,"1"
5808,"0"
5809,"0"
5810,"0"
5811,"1"
5812,"0"
5813,"1"
5814,"0"
5815,"1"
5816,"1"
5817,"1"
5818,"1"
5819,"1"
5820,"1"
5821,"0"
5822,"1"
5823,"0"
5824,"0"
5825,"1"
5826,"0"
5827,"1"
5828,"0"
5829,"1"
5830,"0"
5831,"1"
5832,"1"
5833,"0"
5834,"0"
5835,"1"
5836,"0"
5837,"0"
5838,"0"
5839,"1"
5840,"0"
5841,"0"
5842,"0"
5843,"1"
5844,"0"
5845,"1"
5846,"1"
5847,"1"
5848,"0"
5849,"0"
5850,"0"
5851,"1"
5852,"1"
5853,"1"
5854,"1"
5855,"0"
5856,"0"
5857,"1"
5858,"1"
5859,"1"
5860,"0"
5861,"1"
5862,"1"
5863,"0"
5864,"1"
5865,"1"
5866,"0"
5867,"1"
5868,"0"
5869,"1"
5870,"1"
5871,"0"
5872,"1"
5873,"1"
5874,"0"
5875,"1"
5876,"1"
5877,"1"
5878,"0"
5879,"0"
5880,"0"
5881,"1"
5882,"1"
5883,"1"
5884,"0"
5885,"1"
5886,"1"
5887,"1"
5888,"0"
5889,"1"
5890,"0"
5891,"0"
5892,"1"
5893,"1"
5894,"1"
5895,"1"
5896,"0"
5897,"1"
5898,"1"
5899,"1"
5900,"1"
5901,"1"
5902,"1"
5903,"1"
5904,"1"
5905,"1"
5906,"1"
5907,"1"
5908,"0"
5909,"0"
5910,"0"
5911,"0"
5912,"1"
5913,"0"
5914,"0"
5915,"1"
5916,"1"
5917,"1"
5918,"1"
5919,"0"
5920,"0"
5921,"0"
5922,"0"
5923,"0"
5924,"1"
5925,"1"
5926,"1"
5927,"1"
5928,"1"
5929,"1"
5930,"1"
5931,"0"
5932,"1"
5933,"0"
5934,"0"
5935,"1"
5936,"0"
5937,"1"
5938,"0"
5939,"0"
5940,"0"
5941,"1"
5942,"1"
5943,"0"
5944,"0"
5945,"1"
5946,"1"
5947,"0"
5948,"0"
5949,"1"
5950,"0"
5951,"0"
5952,"1"
5953,"0"
5954,"0"
5955,"1"
5956,"1"
5957,"0"
5958,"1"
5959,"1"
5960,"0"
5961,"0"
5962,"1"
5963,"1"
5964,"1"
5965,"0"
5966,"1"
5967,"1"
5968,"0"
5969,"1"
5970,"1"
5971,"0"
5972,"1"
5973,"1"
5974,"0"
5975,"0"
5976,"1"
5977,"0"
5978,"1"
5979,"0"
5980,"1"
5981,"0"
5982,"1"
5983,"0"
5984,"0"
5985,"0"
5986,"1"
5987,"1"
5988,"1"
5989,"0"
5990,"0"
5991,"1"
5992,"1"
5993,"1"
5994,"1"
5995,"1"
5996,"0"
5997,"0"
5998,"0"
5999,"0"
6000,"0"
6001,"1"
6002,"0"
6003,"0"
6004,"1"
6005,"1"
6006,"1"
6007,"1"
6008,"1"
6009,"1"
6010,"1"
6011,"0"
6012,"0"
6013,"0"
6014,"1"
6015,"1"
6016,"0"
6017,"0"
6018,"1"
6019,"1"
6020,"0"
6021,"1"
6022,"1"
6023,"1"
6024,"1"
6025,"1"
6026,"1"
6027,"1"
6028,"1"
6029,"1"
6030,"1"
6031,"1"
6032,"0"
6033,"1"
6034,"0"
6035,"1"
6036,"0"
6037,"1"
6038,"0"
6039,"1"
6040,"0"
6041,"1"
6042,"0"
6043,"1"
6044,"0"
6045,"1"
6046,"0"
6047,"1"
6048,"0"
6049,"1"
6050,"0"
6051,"1"
6052,"1"
6053,"0"
6054,"1"
6055,"1"
6056,"0"
6057,"1"
6058,"1"
6059,"1"
6060,"1"
6061,"1"
6062,"1"
6063,"1"
6064,"1"
6065,"1"
6066,"1"
6067,"0"
6068,"0"
6069,"1"
6070,"0"
6071,"1"
6072,"1"
6073,"1"
6074,"1"
6075,"0"
6076,"1"
6077,"1"
6078,"1"
6079,"1"
6080,"0"
6081,"1"
6082,"1"
6083,"1"
6084,"1"
6085,"1"
6086,"0"
6087,"1"
6088,"1"
6089,"0"
6090,"1"
6091,"1"
6092,"1"
6093,"0"
6094,"1"
6095,"1"
6096,"1"
6097,"1"
6098,"0"
6099,"0"
6100,"0"
6101,"1"
6102,"1"
6103,"0"
6104,"0"
6105,"1"
6106,"0"
6107,"0"
6108,"1"
6109,"0"
6110,"0"
6111,"0"
6112,"0"
6113,"0"
6114,"1"
6115,"1"
6116,"0"
6117,"1"
6118,"0"
6119,"1"
6120,"0"
6121,"0"
6122,"1"
6123,"1"
6124,"1"
6125,"1"
6126,"1"
6127,"1"
6128,"1"
6129,"0"
6130,"1"
6131,"1"
6132,"1"
6133,"0"
6134,"0"
6135,"1"
6136,"0"
6137,"0"
6138,"0"
6139,"1"
6140,"1"
6141,"0"
6142,"1"
6143,"0"
6144,"1"
6145,"1"
6146,"0"
6147,"0"
6148,"1"
6149,"1"
6150,"0"
6151,"1"
6152,"1"
6153,"1"
6154,"0"
6155,"1"
6156,"1"
6157,"1"
6158,"1"
6159,"0"
6160,"1"
6161,"1"
6162,"1"
6163,"1"
6164,"0"
6165,"1"
6166,"1"
6167,"1"
6168,"1"
6169,"0"
6170,"0"
6171,"0"
6172,"1"
6173,"1"
6174,"1"
6175,"1"
6176,"0"
6177,"0"
6178,"0"
6179,"0"
6180,"1"
6181,"1"
6182,"1"
6183,"1"
6184,"0"
6185,"1"
6186,"1"
6187,"0"
6188,"1"
6189,"1"
6190,"1"
6191,"0"
6192,"1"
6193,"0"
6194,"1"
6195,"1"
6196,"1"
6197,"1"
6198,"0"
6199,"1"
6200,"1"
6201,"0"
6202,"0"
6203,"1"
6204,"1"
6205,"1"
6206,"1"
6207,"0"
6208,"1"
6209,"1"
6210,"1"
6211,"0"
6212,"0"
6213,"1"
6214,"1"
6215,"1"
6216,"0"
6217,"0"
6218,"1"
6219,"1"
6220,"1"
6221,"0"
6222,"1"
6223,"0"
6224,"0"
6225,"0"
6226,"1"
6227,"1"
6228,"1"
6229,"0"
6230,"1"
6231,"1"
6232,"0"
6233,"1"
6234,"1"
6235,"0"
6236,"1"
6237,"0"
6238,"1"
6239,"1"
6240,"1"
6241,"0"
6242,"1"
6243,"0"
6244,"1"
6245,"1"
6246,"1"
6247,"0"
6248,"1"
6249,"1"
6250,"0"
6251,"1"
6252,"1"
6253,"1"
6254,"1"
6255,"1"
6256,"1"
6257,"1"
6258,"0"
6259,"1"
6260,"1"
6261,"1"
6262,"0"
6263,"1"
6264,"0"
6265,"0"
6266,"1"
6267,"1"
6268,"1"
6269,"1"
6270,"1"
6271,"1"
6272,"0"
6273,"0"
6274,"1"
6275,"1"
6276,"0"
6277,"1"
6278,"0"
6279,"0"
6280,"1"
6281,"0"
6282,"1"
6283,"1"
6284,"1"
6285,"1"
6286,"0"
6287,"1"
6288,"0"
6289,"0"
6290,"1"
6291,"1"
6292,"1"
6293,"0"
6294,"1"
6295,"1"
6296,"0"
6297,"1"
6298,"1"
6299,"1"
6300,"1"
6301,"1"
6302,"0"
6303,"1"
6304,"1"
6305,"1"
6306,"1"
6307,"1"
6308,"1"
6309,"1"
6310,"0"
6311,"1"
6312,"1"
6313,"0"
6314,"1"
6315,"0"
6316,"1"
6317,"1"
6318,"0"
6319,"0"
6320,"0"
6321,"1"
6322,"1"
6323,"0"
6324,"1"
6325,"0"
6326,"0"
6327,"0"
6328,"1"
6329,"1"
6330,"1"
6331,"0"
6332,"1"
6333,"0"
6334,"1"
6335,"0"
6336,"0"
6337,"1"
6338,"0"
6339,"0"
6340,"1"
6341,"1"
6342,"1"
6343,"0"
6344,"1"
6345,"1"
6346,"1"
6347,"1"
6348,"0"
6349,"1"
6350,"1"
6351,"1"
6352,"1"
6353,"0"
6354,"0"
6355,"1"
6356,"0"
6357,"0"
6358,"0"
6359,"0"
6360,"1"
6361,"0"
6362,"1"
6363,"1"
6364,"0"
6365,"0"
6366,"0"
6367,"0"
6368,"1"
6369,"1"
6370,"1"
6371,"1"
6372,"1"
6373,"1"
6374,"0"
6375,"0"
6376,"1"
6377,"0"
6378,"0"
6379,"0"
6380,"1"
6381,"1"
6382,"1"
6383,"0"
6384,"0"
6385,"1"
6386,"1"
6387,"0"
6388,"1"
6389,"1"
6390,"1"
6391,"1"
6392,"1"
6393,"0"
6394,"1"
6395,"1"
6396,"1"
6397,"0"
6398,"0"
6399,"1"
6400,"1"
6401,"0"
6402,"0"
6403,"0"
6404,"1"
6405,"1"
6406,"0"
6407,"0"
6408,"0"
6409,"0"
6410,"0"
6411,"0"
6412,"1"
6413,"0"
6414,"1"
6415,"0"
6416,"1"
6417,"1"
6418,"0"
6419,"1"
6420,"0"
6421,"1"
6422,"1"
6423,"0"
6424,"1"
6425,"0"
6426,"0"
6427,"1"
6428,"1"
6429,"0"
6430,"0"
6431,"1"
6432,"0"
6433,"1"
6434,"0"
6435,"1"
6436,"0"
6437,"1"
6438,"0"
6439,"1"
6440,"1"
6441,"1"
6442,"1"
6443,"0"
6444,"1"
6445,"1"
6446,"1"
6447,"0"
6448,"0"
6449,"0"
6450,"1"
6451,"1"
6452,"1"
6453,"0"
6454,"1"
6455,"1"
6456,"0"
6457,"0"
6458,"1"
6459,"0"
6460,"1"
6461,"0"
6462,"1"
6463,"0"
6464,"0"
6465,"1"
6466,"1"
6467,"0"
6468,"1"
6469,"0"
6470,"0"
6471,"0"
6472,"0"
6473,"1"
6474,"1"
6475,"1"
6476,"1"
6477,"0"
6478,"1"
6479,"1"
6480,"0"
6481,"1"
6482,"0"
6483,"1"
6484,"0"
6485,"0"
6486,"0"
6487,"1"
6488,"0"
6489,"0"
6490,"0"
6491,"0"
6492,"1"
6493,"0"
6494,"1"
6495,"1"
6496,"1"
6497,"0"
6498,"1"
6499,"1"
6500,"1"
6501,"1"
6502,"1"
6503,"1"
6504,"1"
6505,"1"
6506,"0"
6507,"1"
6508,"0"
6509,"1"
6510,"1"
6511,"0"
6512,"0"
6513,"0"
6514,"1"
6515,"1"
6516,"0"
6517,"0"
6518,"1"
6519,"1"
6520,"1"
6521,"0"
6522,"1"
6523,"0"
6524,"0"
6525,"1"
6526,"0"
6527,"1"
6528,"1"
6529,"0"
6530,"1"
6531,"0"
6532,"0"
6533,"0"
6534,"1"
6535,"1"
6536,"1"
6537,"0"
6538,"0"
6539,"1"
6540,"1"
6541,"0"
6542,"1"
6543,"0"
6544,"0"
6545,"1"
6546,"0"
6547,"0"
6548,"1"
6549,"1"
6550,"0"
6551,"0"
6552,"1"
6553,"0"
6554,"1"
6555,"1"
6556,"1"
6557,"0"
6558,"0"
6559,"1"
6560,"0"
6561,"1"
6562,"1"
6563,"1"
6564,"0"
6565,"1"
6566,"0"
6567,"1"
6568,"0"
6569,"1"
6570,"0"
6571,"0"
6572,"1"
6573,"1"
6574,"1"
6575,"1"
6576,"1"
6577,"0"
6578,"0"
6579,"1"
6580,"1"
6581,"1"
6582,"0"
6583,"0"
6584,"1"
6585,"1"
6586,"0"
6587,"1"
6588,"1"
6589,"1"
6590,"1"
6591,"1"
6592,"0"
6593,"0"
6594,"1"
6595,"0"
6596,"1"
6597,"1"
6598,"1"
6599,"1"
6600,"0"
6601,"0"
6602,"1"
6603,"0"
6604,"0"
6605,"1"
6606,"1"
6607,"1"
6608,"0"
6609,"0"
6610,"1"
6611,"0"
6612,"1"
6613,"1"
6614,"0"
6615,"0"
6616,"1"
6617,"1"
6618,"1"
6619,"1"
6620,"1"
6621,"1"
6622,"1"
6623,"0"
6624,"0"
6625,"1"
6626,"1"
6627,"0"
6628,"1"
6629,"0"
6630,"0"
6631,"1"
6632,"1"
6633,"0"
6634,"1"
6635,"1"
6636,"1"
6637,"1"
6638,"1"
6639,"0"
6640,"0"
6641,"1"
6642,"0"
6643,"1"
6644,"1"
6645,"1"
6646,"0"
6647,"1"
6648,"1"
6649,"1"
6650,"1"
6651,"0"
6652,"1"
6653,"0"
6654,"0"
6655,"1"
6656,"1"
6657,"1"
6658,"1"
6659,"1"
6660,"1"
6661,"0"
6662,"1"
6663,"0"
6664,"0"
6665,"1"
6666,"1"
6667,"0"
6668,"1"
6669,"1"
6670,"1"
6671,"0"
6672,"0"
6673,"0"
6674,"1"
6675,"1"
6676,"1"
6677,"0"
6678,"1"
6679,"1"
6680,"0"
6681,"1"
6682,"1"
6683,"0"
6684,"0"
6685,"0"
6686,"0"
6687,"1"
6688,"1"
6689,"0"
6690,"1"
6691,"1"
6692,"1"
6693,"0"
6694,"1"
6695,"1"
6696,"1"
6697,"0"
6698,"1"
6699,"1"
6700,"0"
6701,"1"
6702,"0"
6703,"1"
6704,"1"
6705,"1"
6706,"1"
6707,"1"
6708,"0"
6709,"1"
6710,"0"
6711,"0"
6712,"1"
6713,"1"
6714,"1"
6715,"0"
6716,"0"
6717,"0"
6718,"1"
6719,"0"
6720,"1"
6721,"0"
6722,"1"
6723,"1"
6724,"1"
6725,"0"
6726,"1"
6727,"0"
6728,"0"
6729,"0"
6730,"0"
6731,"1"
6732,"0"
6733,"0"
6734,"0"
6735,"1"
6736,"1"
6737,"1"
6738,"1"
6739,"1"
6740,"1"
6741,"1"
6742,"1"
6743,"1"
6744,"0"
6745,"1"
6746,"1"
6747,"0"
6748,"0"
6749,"1"
6750,"0"
6751,"1"
6752,"0"
6753,"0"
6754,"1"
6755,"0"
6756,"1"
6757,"0"
6758,"1"
6759,"1"
6760,"1"
6761,"1"
6762,"0"
6763,"1"
6764,"1"
6765,"1"
6766,"0"
6767,"1"
6768,"0"
6769,"1"
6770,"1"
6771,"1"
6772,"0"
6773,"0"
6774,"1"
6775,"1"
6776,"1"
6777,"0"
6778,"1"
6779,"1"
6780,"0"
6781,"1"
6782,"1"
6783,"1"
6784,"0"
6785,"1"
6786,"1"
6787,"0"
6788,"1"
6789,"0"
6790,"1"
6791,"0"
6792,"1"
6793,"1"
6794,"1"
6795,"1"
6796,"1"
6797,"0"
6798,"1"
6799,"1"
6800,"0"
6801,"1"
6802,"1"
6803,"1"
6804,"1"
6805,"0"
6806,"1"
6807,"0"
6808,"1"
6809,"1"
6810,"1"
6811,"1"
6812,"0"
6813,"0"
6814,"1"
6815,"0"
6816,"0"
6817,"0"
6818,"1"
6819,"0"
6820,"0"
6821,"1"
6822,"0"
6823,"1"
6824,"1"
6825,"0"
6826,"1"
6827,"1"
6828,"1"
6829,"1"
6830,"1"
6831,"1"
6832,"1"
6833,"1"
6834,"0"
6835,"1"
6836,"1"
6837,"1"
6838,"1"
6839,"0"
6840,"0"
6841,"1"
6842,"1"
6843,"1"
6844,"1"
6845,"0"
6846,"0"
6847,"0"
6848,"0"
6849,"1"
6850,"1"
6851,"0"
6852,"1"
6853,"0"
6854,"1"
6855,"0"
6856,"1"
6857,"1"
6858,"0"
6859,"0"
6860,"1"
6861,"0"
6862,"0"
6863,"0"
6864,"0"
6865,"1"
6866,"0"
6867,"0"
6868,"1"
6869,"0"
6870,"1"
6871,"0"
6872,"1"
6873,"0"
6874,"0"
6875,"1"
6876,"1"
6877,"0"
6878,"1"
6879,"1"
6880,"1"
6881,"1"
6882,"1"
6883,"0"
6884,"0"
6885,"0"
6886,"1"
6887,"0"
6888,"0"
6889,"1"
6890,"0"
6891,"0"
6892,"1"
6893,"1"
6894,"0"
6895,"0"
6896,"1"
6897,"1"
6898,"1"
6899,"0"
6900,"1"
6901,"1"
6902,"0"
6903,"1"
6904,"0"
6905,"1"
6906,"1"
6907,"1"
6908,"1"
6909,"0"
6910,"0"
6911,"0"
6912,"0"
6913,"1"
6914,"1"
6915,"1"
6916,"1"
6917,"1"
6918,"1"
6919,"0"
6920,"0"
6921,"1"
6922,"0"
6923,"0"
6924,"1"
6925,"1"
6926,"1"
6927,"0"
6928,"1"
6929,"0"
6930,"0"
6931,"1"
6932,"0"
6933,"0"
6934,"1"
6935,"0"
6936,"1"
6937,"0"
6938,"0"
6939,"1"
6940,"1"
6941,"1"
6942,"1"
6943,"1"
6944,"1"
6945,"1"
6946,"1"
6947,"0"
6948,"1"
6949,"1"
6950,"0"
6951,"1"
6952,"0"
6953,"1"
6954,"0"
6955,"0"
6956,"1"
6957,"0"
6958,"1"
6959,"0"
6960,"1"
6961,"1"
6962,"1"
6963,"0"
6964,"1"
6965,"0"
6966,"1"
6967,"0"
6968,"1"
6969,"0"
6970,"0"
6971,"0"
6972,"1"
6973,"1"
6974,"0"
6975,"1"
6976,"0"
6977,"1"
6978,"0"
6979,"1"
6980,"0"
6981,"1"
6982,"1"
6983,"1"
6984,"0"
6985,"1"
6986,"1"
6987,"1"
6988,"0"
6989,"1"
6990,"0"
6991,"1"
6992,"1"
6993,"1"
6994,"1"
6995,"0"
6996,"1"
6997,"1"
6998,"0"
6999,"0"
7000,"0"
7001,"1"
7002,"1"
7003,"0"
7004,"0"
7005,"1"
7006,"1"
7007,"0"
7008,"0"
7009,"0"
7010,"1"
7011,"0"
7012,"0"
7013,"1"
7014,"1"
7015,"1"
7016,"1"
7017,"0"
7018,"0"
7019,"1"
7020,"0"
7021,"1"
7022,"0"
7023,"1"
7024,"0"
7025,"1"
7026,"1"
7027,"0"
7028,"0"
7029,"0"
7030,"1"
7031,"0"
7032,"0"
7033,"0"
7034,"0"
7035,"0"
7036,"1"
7037,"1"
7038,"1"
7039,"0"
7040,"1"
7041,"1"
7042,"1"
7043,"0"
7044,"1"
7045,"1"
7046,"1"
7047,"0"
7048,"1"
7049,"1"
7050,"1"
7051,"0"
7052,"0"
7053,"0"
7054,"1"
7055,"1"
7056,"0"
7057,"0"
7058,"0"
7059,"0"
7060,"0"
7061,"0"
7062,"1"
7063,"0"
7064,"0"
7065,"0"
7066,"1"
7067,"1"
7068,"1"
7069,"1"
7070,"0"
7071,"0"
7072,"1"
7073,"0"
7074,"0"
7075,"1"
7076,"1"
7077,"0"
7078,"0"
7079,"0"
7080,"1"
7081,"1"
7082,"1"
7083,"0"
7084,"0"
7085,"0"
7086,"0"
7087,"1"
7088,"0"
7089,"1"
7090,"1"
7091,"1"
7092,"1"
7093,"1"
7094,"0"
7095,"1"
7096,"0"
7097,"1"
7098,"0"
7099,"1"
7100,"1"
7101,"1"
7102,"1"
7103,"0"
7104,"1"
7105,"0"
7106,"1"
7107,"0"
7108,"0"
7109,"0"
7110,"1"
7111,"0"
7112,"1"
7113,"1"
7114,"1"
7115,"1"
7116,"1"
7117,"1"
7118,"0"
7119,"0"
7120,"0"
7121,"1"
7122,"1"
7123,"0"
7124,"0"
7125,"1"
7126,"1"
7127,"0"
7128,"1"
7129,"1"
7130,"1"
7131,"0"
7132,"1"
7133,"1"
7134,"1"
7135,"0"
7136,"0"
7137,"1"
7138,"0"
7139,"1"
7140,"1"
7141,"0"
7142,"1"
7143,"0"
7144,"1"
7145,"1"
7146,"1"
7147,"0"
7148,"1"
7149,"1"
7150,"1"
7151,"1"
7152,"1"
7153,"1"
7154,"1"
7155,"1"
7156,"1"
7157,"0"
7158,"0"
7159,"1"
7160,"1"
7161,"0"
7162,"0"
7163,"1"
7164,"0"
7165,"0"
7166,"1"
7167,"1"
7168,"1"
7169,"1"
7170,"0"
7171,"1"
7172,"0"
7173,"1"
7174,"1"
7175,"0"
7176,"0"
7177,"1"
7178,"0"
7179,"1"
7180,"1"
7181,"0"
7182,"1"
7183,"1"
7184,"0"
7185,"1"
7186,"1"
7187,"0"
7188,"1"
7189,"1"
7190,"1"
7191,"0"
7192,"1"
7193,"1"
7194,"0"
7195,"1"
7196,"0"
7197,"0"
7198,"1"
7199,"1"
7200,"1"
7201,"0"
7202,"1"
7203,"1"
7204,"1"
7205,"0"
7206,"0"
7207,"0"
7208,"1"
7209,"0"
7210,"1"
7211,"1"
7212,"0"
7213,"0"
7214,"1"
7215,"1"
7216,"0"
7217,"0"
7218,"0"
7219,"1"
7220,"1"
7221,"0"
7222,"0"
7223,"0"
7224,"1"
7225,"0"
7226,"0"
7227,"0"
7228,"1"
7229,"0"
7230,"1"
7231,"1"
7232,"1"
7233,"1"
7234,"1"
7235,"0"
7236,"1"
7237,"1"
7238,"0"
7239,"0"
7240,"0"
7241,"1"
7242,"0"
7243,"0"
7244,"1"
7245,"0"
7246,"1"
7247,"0"
7248,"0"
7249,"0"
7250,"0"
7251,"0"
7252,"0"
7253,"1"
7254,"1"
7255,"0"
7256,"0"
7257,"0"
7258,"1"
7259,"0"
7260,"1"
7261,"0"
7262,"0"
7263,"1"
7264,"0"
7265,"0"
7266,"1"
7267,"1"
7268,"0"
7269,"1"
7270,"1"
7271,"0"
7272,"1"
7273,"0"
7274,"1"
7275,"0"
7276,"1"
7277,"1"
7278,"0"
7279,"1"
7280,"1"
7281,"1"
7282,"0"
7283,"1"
7284,"0"
7285,"1"
7286,"1"
7287,"1"
7288,"1"
7289,"1"
7290,"0"
7291,"1"
7292,"1"
7293,"1"
7294,"1"
7295,"0"
7296,"0"
7297,"0"
7298,"1"
7299,"0"
7300,"1"
7301,"1"
7302,"1"
7303,"0"
7304,"0"
7305,"1"
7306,"1"
7307,"0"
7308,"1"
7309,"1"
7310,"1"
7311,"0"
7312,"1"
7313,"1"
7314,"0"
7315,"0"
7316,"0"
7317,"0"
7318,"1"
7319,"0"
7320,"0"
7321,"0"
7322,"1"
7323,"1"
7324,"1"
7325,"1"
7326,"1"
7327,"1"
7328,"0"
7329,"0"
7330,"0"
7331,"0"
7332,"0"
7333,"1"
7334,"1"
7335,"1"
7336,"1"
7337,"1"
7338,"0"
7339,"0"
7340,"1"
7341,"0"
7342,"0"
7343,"1"
7344,"1"
7345,"0"
7346,"1"
7347,"1"
7348,"0"
7349,"1"
7350,"1"
7351,"0"
7352,"0"
7353,"1"
7354,"0"
7355,"0"
7356,"0"
7357,"1"
7358,"1"
7359,"0"
7360,"0"
7361,"0"
7362,"0"
7363,"1"
7364,"0"
7365,"1"
7366,"1"
7367,"1"
7368,"1"
7369,"1"
7370,"0"
7371,"0"
7372,"1"
7373,"1"
7374,"0"
7375,"0"
7376,"1"
7377,"0"
7378,"1"
7379,"1"
7380,"0"
7381,"0"
7382,"0"
7383,"1"
7384,"0"
7385,"1"
7386,"1"
7387,"1"
7388,"0"
7389,"0"
7390,"1"
7391,"1"
7392,"0"
7393,"0"
7394,"1"
7395,"0"
7396,"0"
7397,"1"
7398,"1"
7399,"0"
7400,"0"
7401,"0"
7402,"0"
7403,"0"
7404,"1"
7405,"0"
7406,"1"
7407,"1"
7408,"0"
7409,"0"
7410,"1"
7411,"1"
7412,"1"
7413,"0"
7414,"0"
7415,"0"
7416,"0"
7417,"0"
7418,"0"
7419,"0"
7420,"0"
7421,"0"
7422,"0"
7423,"0"
7424,"0"
7425,"0"
7426,"1"
7427,"0"
7428,"1"
7429,"1"
7430,"1"
7431,"1"
7432,"1"
7433,"1"
7434,"0"
7435,"1"
7436,"1"
7437,"0"
7438,"0"
7439,"0"
7440,"0"
7441,"1"
7442,"0"
7443,"0"
7444,"1"
7445,"0"
7446,"0"
7447,"0"
7448,"1"
7449,"1"
7450,"1"
7451,"0"
7452,"0"
7453,"1"
7454,"0"
7455,"1"
7456,"1"
7457,"1"
7458,"0"
7459,"0"
7460,"1"
7461,"1"
7462,"0"
7463,"0"
7464,"1"
7465,"1"
7466,"0"
7467,"1"
7468,"1"
7469,"0"
7470,"0"
7471,"0"
7472,"1"
7473,"1"
7474,"1"
7475,"0"
7476,"1"
7477,"0"
7478,"0"
7479,"0"
7480,"1"
7481,"1"
7482,"1"
7483,"1"
7484,"1"
7485,"1"
7486,"1"
7487,"1"
7488,"1"
7489,"1"
7490,"1"
7491,"0"
7492,"1"
7493,"1"
7494,"0"
7495,"0"
7496,"0"
7497,"1"
7498,"0"
7499,"1"
7500,"1"
7501,"1"
7502,"0"
7503,"0"
7504,"1"
7505,"0"
7506,"1"
7507,"1"
7508,"0"
7509,"0"
7510,"0"
7511,"0"
7512,"0"
7513,"1"
7514,"1"
7515,"0"
7516,"1"
7517,"1"
7518,"1"
7519,"0"
7520,"1"
7521,"0"
7522,"1"
7523,"1"
7524,"0"
7525,"1"
7526,"1"
7527,"0"
7528,"0"
7529,"0"
7530,"0"
7531,"0"
7532,"1"
7533,"0"
7534,"1"
7535,"1"
7536,"1"
7537,"0"
7538,"1"
7539,"1"
7540,"1"
7541,"1"
7542,"1"
7543,"1"
7544,"0"
7545,"1"
7546,"1"
7547,"1"
7548,"1"
7549,"0"
7550,"0"
7551,"1"
7552,"0"
7553,"1"
7554,"1"
7555,"1"
7556,"0"
7557,"1"
7558,"0"
7559,"0"
7560,"1"
7561,"0"
7562,"0"
7563,"0"
7564,"1"
7565,"0"
7566,"0"
7567,"1"
7568,"1"
7569,"1"
7570,"1"
7571,"0"
7572,"0"
7573,"1"
7574,"1"
7575,"0"
7576,"0"
7577,"0"
7578,"1"
7579,"1"
7580,"1"
7581,"1"
7582,"0"
7583,"1"
7584,"0"
7585,"0"
7586,"0"
7587,"0"
7588,"1"
7589,"1"
7590,"1"
7591,"0"
7592,"0"
7593,"0"
7594,"1"
7595,"0"
7596,"0"
7597,"1"
7598,"0"
7599,"0"
7600,"0"
7601,"0"
7602,"0"
7603,"0"
7604,"1"
7605,"0"
7606,"1"
7607,"0"
7608,"0"
7609,"0"
7610,"0"
7611,"1"
7612,"0"
7613,"1"
7614,"1"
7615,"1"
7616,"0"
7617,"0"
7618,"1"
7619,"1"
7620,"1"
7621,"0"
7622,"1"
7623,"0"
7624,"1"
7625,"1"
7626,"1"
7627,"0"
7628,"0"
7629,"0"
7630,"0"
7631,"1"
7632,"1"
7633,"0"
7634,"0"
7635,"1"
7636,"0"
7637,"1"
7638,"1"
7639,"0"
7640,"0"
7641,"0"
7642,"1"
7643,"1"
7644,"0"
7645,"1"
7646,"1"
7647,"1"
7648,"0"
7649,"0"
7650,"1"
7651,"0"
7652,"0"
7653,"1"
7654,"1"
7655,"0"
7656,"1"
7657,"1"
7658,"1"
7659,"1"
7660,"1"
7661,"1"
7662,"0"
7663,"1"
7664,"1"
7665,"0"
7666,"0"
7667,"1"
7668,"1"
7669,"0"
7670,"1"
7671,"0"
7672,"1"
7673,"1"
7674,"0"
7675,"1"
7676,"0"
7677,"0"
7678,"1"
7679,"0"
7680,"1"
7681,"1"
7682,"1"
7683,"1"
7684,"0"
7685,"0"
7686,"1"
7687,"0"
7688,"0"
7689,"1"
7690,"1"
7691,"1"
7692,"1"
7693,"1"
7694,"0"
7695,"1"
7696,"0"
7697,"1"
7698,"0"
7699,"0"
7700,"0"
7701,"0"
7702,"1"
7703,"1"
7704,"1"
7705,"1"
7706,"1"
7707,"0"
7708,"1"
7709,"1"
7710,"1"
7711,"1"
7712,"1"
7713,"1"
7714,"0"
7715,"0"
7716,"1"
7717,"0"
7718,"0"
7719,"0"
7720,"0"
7721,"1"
7722,"1"
7723,"0"
7724,"1"
7725,"1"
7726,"1"
7727,"1"
7728,"1"
7729,"1"
7730,"1"
7731,"0"
7732,"0"
7733,"1"
7734,"0"
7735,"0"
7736,"0"
7737,"1"
7738,"1"
7739,"0"
7740,"1"
7741,"1"
7742,"1"
7743,"1"
7744,"1"
7745,"0"
7746,"0"
7747,"1"
7748,"1"
7749,"0"
7750,"0"
7751,"1"
7752,"1"
7753,"1"
7754,"1"
7755,"1"
7756,"1"
7757,"1"
7758,"1"
7759,"0"
7760,"1"
7761,"1"
7762,"1"
7763,"1"
7764,"1"
7765,"0"
7766,"0"
7767,"0"
7768,"0"
7769,"0"
7770,"1"
7771,"1"
7772,"1"
7773,"1"
7774,"0"
7775,"1"
7776,"0"
7777,"0"
7778,"0"
7779,"0"
7780,"1"
7781,"0"
7782,"0"
7783,"0"
7784,"0"
7785,"1"
7786,"0"
7787,"0"
7788,"1"
7789,"1"
7790,"1"
7791,"0"
7792,"0"
7793,"1"
7794,"0"
7795,"1"
7796,"0"
7797,"1"
7798,"0"
7799,"1"
7800,"0"
7801,"0"
7802,"0"
7803,"0"
7804,"0"
7805,"1"
7806,"0"
7807,"1"
7808,"0"
7809,"0"
7810,"0"
7811,"1"
7812,"0"
7813,"0"
7814,"0"
7815,"1"
7816,"0"
7817,"0"
7818,"1"
7819,"1"
7820,"0"
7821,"1"
7822,"1"
7823,"1"
7824,"1"
7825,"0"
7826,"1"
7827,"1"
7828,"0"
7829,"0"
7830,"1"
7831,"1"
7832,"0"
7833,"0"
7834,"0"
7835,"1"
7836,"0"
7837,"0"
7838,"0"
7839,"1"
7840,"0"
7841,"1"
7842,"1"
7843,"0"
7844,"0"
7845,"0"
7846,"1"
7847,"1"
7848,"1"
7849,"1"
7850,"1"
7851,"0"
7852,"1"
7853,"0"
7854,"1"
7855,"0"
7856,"1"
7857,"1"
7858,"1"
7859,"1"
7860,"1"
7861,"0"
7862,"0"
7863,"0"
7864,"0"
7865,"1"
7866,"1"
7867,"1"
7868,"0"
7869,"1"
7870,"0"
7871,"0"
7872,"0"
7873,"0"
7874,"1"
7875,"0"
7876,"0"
7877,"0"
7878,"1"
7879,"0"
7880,"0"
7881,"1"
7882,"0"
7883,"0"
7884,"1"
7885,"1"
7886,"1"
7887,"1"
7888,"0"
7889,"1"
7890,"0"
7891,"1"
7892,"0"
7893,"1"
7894,"0"
7895,"1"
7896,"1"
7897,"0"
7898,"1"
7899,"1"
7900,"1"
7901,"0"
7902,"1"
7903,"0"
7904,"1"
7905,"1"
7906,"0"
7907,"0"
7908,"1"
7909,"1"
7910,"1"
7911,"0"
7912,"1"
7913,"0"
7914,"1"
7915,"0"
7916,"0"
7917,"0"
7918,"1"
7919,"1"
7920,"0"
7921,"0"
7922,"0"
7923,"1"
7924,"1"
7925,"1"
7926,"1"
7927,"1"
7928,"0"
7929,"0"
7930,"0"
7931,"1"
7932,"0"
7933,"1"
7934,"0"
7935,"0"
7936,"1"
7937,"1"
7938,"1"
7939,"0"
7940,"1"
7941,"1"
7942,"0"
7943,"1"
7944,"1"
7945,"1"
7946,"0"
7947,"1"
7948,"1"
7949,"1"
7950,"0"
7951,"1"
7952,"1"
7953,"1"
7954,"0"
7955,"0"
7956,"0"
7957,"1"
7958,"0"
7959,"0"
7960,"1"
7961,"0"
7962,"0"
7963,"1"
7964,"0"
7965,"1"
7966,"1"
7967,"0"
7968,"1"
7969,"1"
7970,"1"
7971,"0"
7972,"1"
7973,"0"
7974,"0"
7975,"0"
7976,"1"
7977,"1"
7978,"1"
7979,"1"
7980,"0"
7981,"0"
7982,"1"
7983,"0"
7984,"0"
7985,"0"
7986,"0"
7987,"1"
7988,"1"
7989,"1"
7990,"1"
7991,"1"
7992,"1"
7993,"0"
7994,"0"
7995,"1"
7996,"1"
7997,"1"
7998,"1"
7999,"1"
8000,"1"
8001,"0"
8002,"1"
8003,"0"
8004,"1"
8005,"0"
8006,"1"
8007,"0"
8008,"0"
8009,"0"
8010,"1"
8011,"0"
8012,"1"
8013,"0"
8014,"1"
8015,"1"
8016,"1"
8017,"1"
8018,"1"
8019,"1"
8020,"0"
8021,"1"
8022,"1"
8023,"1"
8024,"1"
8025,"1"
8026,"0"
8027,"1"
8028,"0"
8029,"1"
8030,"0"
8031,"1"
8032,"0"
8033,"0"
8034,"1"
8035,"1"
8036,"1"
8037,"1"
8038,"1"
8039,"1"
8040,"0"
8041,"0"
8042,"0"
8043,"0"
8044,"0"
8045,"0"
8046,"1"
8047,"0"
8048,"1"
8049,"0"
8050,"1"
8051,"0"
8052,"0"
8053,"0"
8054,"1"
8055,"1"
8056,"0"
8057,"0"
8058,"1"
8059,"0"
8060,"1"
8061,"1"
8062,"0"
8063,"1"
8064,"1"
8065,"0"
8066,"0"
8067,"0"
8068,"1"
8069,"0"
8070,"1"
8071,"1"
8072,"1"
8073,"1"
8074,"1"
8075,"0"
8076,"1"
8077,"0"
8078,"0"
8079,"1"
8080,"1"
8081,"0"
8082,"0"
8083,"0"
8084,"0"
8085,"0"
8086,"1"
8087,"1"
8088,"1"
8089,"1"
8090,"0"
8091,"1"
8092,"0"
8093,"0"
8094,"0"
8095,"1"
8096,"0"
8097,"1"
8098,"0"
8099,"1"
8100,"0"
8101,"0"
8102,"0"
8103,"1"
8104,"1"
8105,"1"
8106,"1"
8107,"0"
8108,"0"
8109,"1"
8110,"0"
8111,"1"
8112,"1"
8113,"0"
8114,"1"
8115,"0"
8116,"1"
8117,"1"
8118,"0"
8119,"0"
8120,"1"
8121,"0"
8122,"0"
8123,"1"
8124,"0"
8125,"0"
8126,"0"
8127,"1"
8128,"0"
8129,"1"
8130,"0"
8131,"1"
8132,"1"
8133,"0"
8134,"0"
8135,"0"
8136,"1"
8137,"1"
8138,"0"
8139,"1"
8140,"1"
8141,"0"
8142,"1"
8143,"0"
8144,"0"
8145,"0"
8146,"1"
8147,"0"
8148,"1"
8149,"0"
8150,"1"
8151,"0"
8152,"1"
8153,"0"
8154,"1"
8155,"1"
8156,"0"
8157,"1"
8158,"1"
8159,"1"
8160,"0"
8161,"0"
8162,"1"
8163,"1"
8164,"0"
8165,"1"
8166,"0"
8167,"1"
8168,"0"
8169,"0"
8170,"1"
8171,"1"
8172,"0"
8173,"1"
8174,"0"
8175,"1"
8176,"1"
8177,"1"
8178,"0"
8179,"0"
8180,"0"
8181,"0"
8182,"0"
8183,"0"
8184,"0"
8185,"0"
8186,"1"
8187,"1"
8188,"0"
8189,"0"
8190,"1"
8191,"1"
8192,"0"
8193,"0"
8194,"0"
8195,"1"
8196,"1"
8197,"1"
8198,"0"
8199,"1"
8200,"1"
8201,"1"
8202,"0"
8203,"0"
8204,"1"
8205,"1"
8206,"1"
8207,"1"
8208,"0"
8209,"1"
8210,"1"
8211,"0"
8212,"1"
8213,"1"
8214,"1"
8215,"0"
8216,"1"
8217,"0"
8218,"0"
8219,"1"
8220,"1"
8221,"1"
8222,"1"
8223,"1"
8224,"0"
8225,"0"
8226,"1"
8227,"0"
8228,"0"
8229,"1"
8230,"1"
8231,"0"
8232,"1"
8233,"0"
8234,"0"
8235,"1"
8236,"0"
8237,"1"
8238,"1"
8239,"0"
8240,"1"
8241,"1"
8242,"0"
8243,"0"
8244,"1"
8245,"0"
8246,"1"
8247,"0"
8248,"1"
8249,"0"
8250,"0"
8251,"1"
8252,"1"
8253,"0"
8254,"1"
8255,"1"
8256,"1"
8257,"1"
8258,"0"
8259,"1"
8260,"0"
8261,"1"
8262,"1"
8263,"1"
8264,"1"
8265,"0"
8266,"1"
8267,"1"
8268,"0"
8269,"1"
8270,"0"
8271,"0"
8272,"1"
8273,"0"
8274,"1"
8275,"0"
8276,"1"
8277,"0"
8278,"1"
8279,"0"
8280,"0"
8281,"1"
8282,"1"
8283,"1"
8284,"1"
8285,"0"
8286,"1"
8287,"1"
8288,"1"
8289,"1"
8290,"0"
8291,"1"
8292,"1"
8293,"0"
8294,"1"
8295,"1"
8296,"1"
8297,"0"
8298,"0"
8299,"0"
8300,"0"
8301,"1"
8302,"0"
8303,"1"
8304,"1"
8305,"1"
8306,"1"
8307,"0"
8308,"0"
8309,"0"
8310,"1"
8311,"0"
8312,"1"
8313,"1"
8314,"0"
8315,"1"
8316,"1"
8317,"1"
8318,"1"
8319,"1"
8320,"0"
8321,"1"
8322,"1"
8323,"1"
8324,"1"
8325,"1"
8326,"0"
8327,"1"
8328,"1"
8329,"1"
8330,"0"
8331,"0"
8332,"1"
8333,"1"
8334,"1"
8335,"0"
8336,"1"
8337,"0"
8338,"0"
8339,"0"
8340,"0"
8341,"1"
8342,"1"
8343,"1"
8344,"1"
8345,"1"
8346,"1"
8347,"0"
8348,"1"
8349,"0"
8350,"1"
8351,"0"
8352,"0"
8353,"1"
8354,"1"
8355,"1"
8356,"1"
8357,"1"
8358,"1"
8359,"1"
8360,"0"
8361,"1"
8362,"0"
8363,"1"
8364,"0"
8365,"1"
8366,"1"
8367,"1"
8368,"0"
8369,"1"
8370,"0"
8371,"1"
8372,"1"
8373,"1"
8374,"1"
8375,"0"
8376,"1"
8377,"0"
8378,"0"
8379,"1"
8380,"0"
8381,"0"
8382,"1"
8383,"1"
8384,"1"
8385,"0"
8386,"0"
8387,"0"
8388,"1"
8389,"0"
8390,"1"
8391,"1"
8392,"1"
8393,"1"
8394,"1"
8395,"0"
8396,"0"
8397,"1"
8398,"0"
8399,"1"
8400,"0"
8401,"0"
8402,"1"
8403,"1"
8404,"0"
8405,"0"
8406,"1"
8407,"1"
8408,"0"
8409,"1"
8410,"0"
8411,"1"
8412,"1"
8413,"1"
8414,"1"
8415,"0"
8416,"1"
8417,"1"
8418,"1"
8419,"1"
8420,"1"
8421,"1"
8422,"0"
8423,"1"
8424,"1"
8425,"1"
8426,"0"
8427,"1"
8428,"1"
8429,"1"
8430,"0"
8431,"0"
8432,"0"
8433,"1"
8434,"1"
8435,"1"
8436,"1"
8437,"1"
8438,"1"
8439,"1"
8440,"1"
8441,"0"
8442,"1"
8443,"0"
8444,"1"
8445,"0"
8446,"0"
8447,"0"
8448,"1"
8449,"1"
8450,"1"
8451,"1"
8452,"1"
8453,"1"
8454,"1"
8455,"1"
8456,"1"
8457,"1"
8458,"1"
8459,"0"
8460,"0"
8461,"1"
8462,"0"
8463,"1"
8464,"0"
8465,"0"
8466,"0"
8467,"0"
8468,"1"
8469,"1"
8470,"0"
8471,"1"
8472,"1"
8473,"1"
8474,"0"
8475,"1"
8476,"0"
8477,"1"
8478,"0"
8479,"0"
8480,"0"
8481,"1"
8482,"1"
8483,"1"
8484,"1"
8485,"0"
8486,"1"
8487,"1"
8488,"1"
8489,"1"
8490,"1"
8491,"0"
8492,"1"
8493,"1"
8494,"1"
8495,"0"
8496,"0"
8497,"0"
8498,"1"
8499,"1"
8500,"0"
8501,"1"
8502,"1"
8503,"0"
8504,"0"
8505,"0"
8506,"0"
8507,"1"
8508,"0"
8509,"1"
8510,"0"
8511,"0"
8512,"1"
8513,"1"
8514,"1"
8515,"0"
8516,"0"
8517,"1"
8518,"1"
8519,"0"
8520,"1"
8521,"0"
8522,"1"
8523,"1"
8524,"1"
8525,"0"
8526,"0"
8527,"1"
8528,"0"
8529,"1"
8530,"0"
8531,"1"
8532,"0"
8533,"1"
8534,"1"
8535,"1"
8536,"1"
8537,"0"
8538,"0"
8539,"1"
8540,"1"
8541,"1"
8542,"1"
8543,"0"
8544,"0"
8545,"1"
8546,"1"
8547,"0"
8548,"0"
8549,"1"
8550,"0"
8551,"0"
8552,"1"
8553,"1"
8554,"0"
8555,"0"
8556,"1"
8557,"1"
8558,"1"
8559,"0"
8560,"1"
8561,"1"
8562,"1"
8563,"1"
8564,"1"
8565,"0"
8566,"1"
8567,"1"
8568,"1"
8569,"0"
8570,"1"
8571,"1"
8572,"0"
8573,"1"
8574,"1"
8575,"0"
8576,"1"
8577,"0"
8578,"0"
8579,"1"
8580,"0"
8581,"1"
8582,"1"
8583,"1"
8584,"0"
8585,"1"
8586,"0"
8587,"1"
8588,"0"
8589,"0"
8590,"1"
8591,"0"
8592,"1"
8593,"1"
8594,"0"
8595,"0"
8596,"1"
8597,"1"
8598,"0"
8599,"1"
8600,"1"
8601,"1"
8602,"1"
8603,"0"
8604,"1"
8605,"1"
8606,"0"
8607,"0"
8608,"1"
8609,"0"
8610,"0"
8611,"1"
8612,"0"
8613,"1"
8614,"0"
8615,"0"
8616,"0"
8617,"1"
8618,"1"
8619,"0"
8620,"1"
8621,"1"
8622,"0"
8623,"1"
8624,"1"
8625,"0"
8626,"0"
8627,"0"
8628,"0"
8629,"0"
8630,"0"
8631,"0"
8632,"0"
8633,"1"
8634,"0"
8635,"0"
8636,"1"
8637,"1"
8638,"1"
8639,"1"
8640,"1"
8641,"0"
8642,"1"
8643,"1"
8644,"1"
8645,"0"
8646,"1"
8647,"0"
8648,"1"
8649,"0"
8650,"1"
8651,"0"
8652,"0"
8653,"1"
8654,"1"
8655,"0"
8656,"1"
8657,"0"
8658,"0"
8659,"0"
8660,"0"
8661,"1"
8662,"1"
8663,"1"
8664,"1"
8665,"1"
8666,"1"
8667,"1"
8668,"0"
8669,"1"
8670,"1"
8671,"0"
8672,"1"
8673,"0"
8674,"1"
8675,"0"
8676,"0"
8677,"1"
8678,"0"
8679,"1"
8680,"1"
8681,"1"
8682,"1"
8683,"0"
8684,"1"
8685,"1"
8686,"1"
8687,"1"
8688,"0"
8689,"0"
8690,"1"
8691,"0"
8692,"1"
8693,"1"
8694,"0"
8695,"1"
8696,"0"
8697,"1"
8698,"1"
8699,"1"
8700,"1"
8701,"1"
8702,"1"
8703,"0"
8704,"1"
8705,"1"
8706,"1"
8707,"0"
8708,"1"
8709,"1"
8710,"0"
8711,"1"
8712,"1"
8713,"0"
8714,"1"
8715,"1"
8716,"1"
8717,"1"
8718,"0"
8719,"0"
8720,"0"
8721,"0"
8722,"1"
8723,"1"
8724,"0"
8725,"1"
8726,"0"
8727,"0"
8728,"0"
8729,"1"
8730,"0"
8731,"1"
8732,"1"
8733,"0"
8734,"0"
8735,"0"
8736,"1"
8737,"0"
8738,"1"
8739,"1"
8740,"0"
8741,"0"
8742,"1"
8743,"0"
8744,"1"
8745,"0"
8746,"1"
8747,"0"
8748,"1"
8749,"1"
8750,"1"
8751,"1"
8752,"0"
8753,"0"
8754,"0"
8755,"1"
8756,"0"
8757,"0"
8758,"1"
8759,"1"
8760,"1"
8761,"1"
8762,"1"
8763,"1"
8764,"1"
8765,"1"
8766,"0"
8767,"1"
8768,"1"
8769,"1"
8770,"1"
8771,"1"
8772,"0"
8773,"1"
8774,"0"
8775,"1"
8776,"0"
8777,"0"
8778,"1"
8779,"0"
8780,"0"
8781,"1"
8782,"1"
8783,"0"
8784,"0"
8785,"0"
8786,"0"
8787,"1"
8788,"1"
8789,"0"
8790,"1"
8791,"1"
8792,"1"
8793,"0"
8794,"0"
8795,"0"
8796,"1"
8797,"1"
8798,"1"
8799,"1"
8800,"0"
8801,"1"
8802,"1"
8803,"0"
8804,"1"
8805,"1"
8806,"1"
8807,"1"
8808,"1"
8809,"0"
8810,"1"
8811,"0"
8812,"0"
8813,"1"
8814,"1"
8815,"0"
8816,"1"
8817,"0"
8818,"0"
8819,"0"
8820,"1"
8821,"1"
8822,"0"
8823,"1"
8824,"1"
8825,"0"
8826,"0"
8827,"1"
8828,"1"
8829,"0"
8830,"0"
8831,"1"
8832,"0"
8833,"1"
8834,"1"
8835,"1"
8836,"0"
8837,"1"
8838,"0"
8839,"1"
8840,"1"
8841,"0"
8842,"1"
8843,"0"
8844,"1"
8845,"1"
8846,"0"
8847,"0"
8848,"1"
8849,"1"
8850,"0"
8851,"0"
8852,"1"
8853,"1"
8854,"0"
8855,"0"
8856,"0"
8857,"0"
8858,"0"
8859,"1"
8860,"1"
8861,"1"
8862,"0"
8863,"0"
8864,"1"
8865,"0"
8866,"1"
8867,"1"
8868,"1"
8869,"0"
8870,"0"
8871,"1"
8872,"1"
8873,"1"
8874,"0"
8875,"0"
8876,"0"
8877,"0"
8878,"1"
8879,"0"
8880,"1"
8881,"1"
8882,"0"
8883,"0"
8884,"1"
8885,"1"
8886,"0"
8887,"1"
8888,"1"
8889,"0"
8890,"0"
8891,"0"
8892,"1"
8893,"1"
8894,"1"
8895,"1"
8896,"1"
8897,"0"
8898,"1"
8899,"0"
8900,"0"
8901,"0"
8902,"1"
8903,"0"
8904,"0"
8905,"0"
8906,"0"
8907,"0"
8908,"0"
8909,"1"
8910,"1"
8911,"1"
8912,"1"
8913,"0"
8914,"1"
8915,"0"
8916,"0"
8917,"1"
8918,"1"
8919,"1"
8920,"1"
8921,"0"
8922,"1"
8923,"1"
8924,"0"
8925,"1"
8926,"1"
8927,"1"
8928,"1"
8929,"1"
8930,"0"
8931,"1"
8932,"0"
8933,"1"
8934,"1"
8935,"1"
8936,"1"
8937,"1"
8938,"0"
8939,"0"
8940,"0"
8941,"1"
8942,"0"
8943,"1"
8944,"1"
8945,"1"
8946,"1"
8947,"0"
8948,"0"
8949,"0"
8950,"1"
8951,"0"
8952,"0"
8953,"1"
8954,"1"
8955,"1"
8956,"1"
8957,"0"
8958,"0"
8959,"1"
8960,"1"
8961,"1"
8962,"1"
8963,"1"
8964,"1"
8965,"0"
8966,"1"
8967,"1"
8968,"1"
8969,"1"
8970,"0"
8971,"1"
8972,"0"
8973,"0"
8974,"1"
8975,"1"
8976,"1"
8977,"1"
8978,"0"
8979,"1"
8980,"1"
8981,"1"
8982,"0"
8983,"0"
8984,"0"
8985,"1"
8986,"1"
8987,"0"
8988,"1"
8989,"0"
8990,"1"
8991,"0"
8992,"1"
8993,"1"
8994,"1"
8995,"0"
8996,"0"
8997,"0"
8998,"1"
8999,"0"
9000,"1"
9001,"0"
9002,"0"
9003,"1"
9004,"0"
9005,"1"
9006,"1"
9007,"1"
9008,"1"
9009,"1"
9010,"0"
9011,"1"
9012,"1"
9013,"0"
9014,"1"
9015,"0"
9016,"1"
9017,"1"
9018,"1"
9019,"0"
9020,"1"
9021,"1"
9022,"1"
9023,"1"
9024,"1"
9025,"1"
9026,"1"
9027,"1"
9028,"0"
9029,"0"
9030,"1"
9031,"0"
9032,"1"
9033,"1"
9034,"0"
9035,"1"
9036,"0"
9037,"1"
9038,"1"
9039,"1"
9040,"1"
9041,"1"
9042,"0"
9043,"0"
9044,"0"
9045,"1"
9046,"0"
9047,"1"
9048,"0"
9049,"1"
9050,"1"
9051,"0"
9052,"1"
9053,"1"
9054,"0"
9055,"1"
9056,"1"
9057,"1"
9058,"0"
9059,"1"
9060,"1"
9061,"1"
9062,"1"
9063,"1"
9064,"1"
9065,"0"
9066,"1"
9067,"0"
9068,"1"
9069,"0"
9070,"0"
9071,"1"
9072,"1"
9073,"0"
9074,"1"
9075,"0"
9076,"1"
9077,"1"
9078,"1"
9079,"1"
9080,"1"
9081,"0"
9082,"0"
9083,"1"
9084,"0"
9085,"0"
9086,"0"
9087,"1"
9088,"1"
9089,"1"
9090,"1"
9091,"1"
9092,"0"
9093,"1"
9094,"1"
9095,"0"
9096,"1"
9097,"0"
9098,"1"
9099,"1"
9100,"1"
9101,"1"
9102,"0"
9103,"1"
9104,"0"
9105,"1"
9106,"1"
9107,"1"
9108,"1"
9109,"1"
9110,"0"
9111,"1"
9112,"1"
9113,"1"
9114,"0"
9115,"1"
9116,"1"
9117,"1"
9118,"1"
9119,"0"
9120,"1"
9121,"0"
9122,"1"
9123,"1"
9124,"1"
9125,"1"
9126,"1"
9127,"0"
9128,"0"
9129,"1"
9130,"0"
9131,"0"
9132,"0"
9133,"1"
9134,"1"
9135,"0"
9136,"1"
9137,"0"
9138,"1"
9139,"1"
9140,"1"
9141,"1"
9142,"0"
9143,"0"
9144,"0"
9145,"0"
9146,"0"
9147,"1"
9148,"1"
9149,"0"
9150,"1"
9151,"1"
9152,"1"
9153,"0"
9154,"1"
9155,"1"
9156,"1"
9157,"1"
9158,"0"
9159,"1"
9160,"0"
9161,"0"
9162,"1"
9163,"1"
9164,"0"
9165,"0"
9166,"0"
9167,"1"
9168,"1"
9169,"0"
9170,"1"
9171,"1"
9172,"1"
9173,"0"
9174,"0"
9175,"1"
9176,"1"
9177,"1"
9178,"1"
9179,"1"
9180,"0"
9181,"1"
9182,"0"
9183,"1"
9184,"1"
9185,"0"
9186,"1"
9187,"1"
9188,"0"
9189,"1"
9190,"1"
9191,"1"
9192,"0"
9193,"1"
9194,"1"
9195,"1"
9196,"1"
9197,"0"
9198,"1"
9199,"1"
9200,"1"
9201,"0"
9202,"1"
9203,"0"
9204,"1"
9205,"1"
9206,"1"
9207,"1"
9208,"0"
9209,"0"
9210,"0"
9211,"1"
9212,"1"
9213,"1"
9214,"0"
9215,"0"
9216,"0"
9217,"0"
9218,"0"
9219,"0"
9220,"1"
9221,"0"
9222,"0"
9223,"1"
9224,"0"
9225,"0"
9226,"0"
9227,"1"
9228,"1"
9229,"1"
9230,"0"
9231,"0"
9232,"1"
9233,"1"
9234,"0"
9235,"1"
9236,"1"
9237,"1"
9238,"0"
9239,"0"
9240,"1"
9241,"0"
9242,"1"
9243,"1"
9244,"1"
9245,"0"
9246,"0"
9247,"0"
9248,"1"
9249,"1"
9250,"1"
9251,"1"
9252,"1"
9253,"1"
9254,"1"
9255,"1"
9256,"1"
9257,"1"
9258,"0"
9259,"1"
9260,"1"
9261,"0"
9262,"1"
9263,"0"
9264,"1"
9265,"1"
9266,"1"
9267,"1"
9268,"1"
9269,"0"
9270,"1"
9271,"1"
9272,"0"
9273,"0"
9274,"1"
9275,"1"
9276,"1"
9277,"1"
9278,"1"
9279,"0"
9280,"1"
9281,"1"
9282,"1"
9283,"1"
9284,"1"
9285,"0"
9286,"1"
9287,"1"
9288,"0"
9289,"1"
9290,"1"
9291,"0"
9292,"0"
9293,"1"
9294,"1"
9295,"1"
9296,"1"
9297,"0"
9298,"1"
9299,"1"
9300,"0"
9301,"1"
9302,"1"
9303,"0"
9304,"0"
9305,"1"
9306,"0"
9307,"1"
9308,"0"
9309,"0"
9310,"1"
9311,"1"
9312,"1"
9313,"1"
9314,"0"
9315,"1"
9316,"0"
9317,"0"
9318,"1"
9319,"1"
9320,"0"
9321,"1"
9322,"0"
9323,"1"
9324,"0"
9325,"1"
9326,"0"
9327,"1"
9328,"0"
9329,"0"
9330,"1"
9331,"1"
9332,"1"
9333,"1"
9334,"1"
9335,"1"
9336,"0"
9337,"0"
9338,"1"
9339,"1"
9340,"1"
9341,"0"
9342,"1"
9343,"0"
9344,"1"
9345,"0"
9346,"0"
9347,"0"
9348,"0"
9349,"1"
9350,"0"
9351,"0"
9352,"1"
9353,"1"
9354,"1"
9355,"0"
9356,"1"
9357,"0"
9358,"1"
9359,"0"
9360,"0"
9361,"0"
9362,"0"
9363,"0"
9364,"1"
9365,"0"
9366,"0"
9367,"0"
9368,"1"
9369,"0"
9370,"0"
9371,"1"
9372,"1"
9373,"1"
9374,"1"
9375,"1"
9376,"0"
9377,"1"
9378,"1"
9379,"1"
9380,"0"
9381,"0"
9382,"0"
9383,"1"
9384,"1"
9385,"0"
9386,"1"
9387,"1"
9388,"0"
9389,"1"
9390,"1"
9391,"0"
9392,"0"
9393,"0"
9394,"1"
9395,"0"
9396,"1"
9397,"0"
9398,"1"
9399,"1"
9400,"1"
9401,"0"
9402,"1"
9403,"1"
9404,"1"
9405,"1"
9406,"1"
9407,"1"
9408,"1"
9409,"1"
9410,"0"
9411,"0"
9412,"0"
9413,"1"
9414,"1"
9415,"0"
9416,"1"
9417,"1"
9418,"0"
9419,"1"
9420,"1"
9421,"1"
9422,"1"
9423,"0"
9424,"1"
9425,"0"
9426,"0"
9427,"0"
9428,"0"
9429,"1"
9430,"0"
9431,"1"
9432,"0"
9433,"1"
9434,"1"
9435,"1"
9436,"0"
9437,"0"
9438,"1"
9439,"0"
9440,"1"
9441,"0"
9442,"1"
9443,"1"
9444,"0"
9445,"0"
9446,"1"
9447,"1"
9448,"0"
9449,"1"
9450,"1"
9451,"0"
9452,"1"
9453,"0"
9454,"1"
9455,"1"
9456,"1"
9457,"1"
9458,"0"
9459,"1"
9460,"1"
9461,"0"
9462,"1"
9463,"0"
9464,"1"
9465,"1"
9466,"1"
9467,"1"
9468,"1"
9469,"1"
9470,"1"
9471,"1"
9472,"0"
9473,"1"
9474,"0"
9475,"1"
9476,"0"
9477,"1"
9478,"0"
9479,"1"
9480,"1"
9481,"0"
9482,"0"
9483,"0"
9484,"0"
9485,"1"
9486,"0"
9487,"1"
9488,"0"
9489,"0"
9490,"1"
9491,"1"
9492,"0"
9493,"1"
9494,"1"
9495,"0"
9496,"1"
9497,"0"
9498,"1"
9499,"1"
9500,"1"
9501,"1"
9502,"1"
9503,"1"
9504,"1"
9505,"1"
9506,"0"
9507,"0"
9508,"1"
9509,"1"
9510,"1"
9511,"1"
9512,"0"
9513,"0"
9514,"1"
9515,"0"
9516,"1"
9517,"0"
9518,"1"
9519,"1"
9520,"0"
9521,"0"
9522,"1"
9523,"1"
9524,"0"
9525,"1"
9526,"0"
9527,"1"
9528,"0"
9529,"1"
9530,"0"
9531,"0"
9532,"1"
9533,"0"
9534,"1"
9535,"1"
9536,"1"
9537,"0"
9538,"0"
9539,"1"
9540,"0"
9541,"1"
9542,"0"
9543,"1"
9544,"1"
9545,"1"
9546,"0"
9547,"0"
9548,"0"
9549,"1"
9550,"1"
9551,"1"
9552,"1"
9553,"1"
9554,"0"
9555,"0"
9556,"1"
9557,"0"
9558,"0"
9559,"1"
9560,"1"
9561,"0"
9562,"0"
9563,"1"
9564,"1"
9565,"0"
9566,"0"
9567,"1"
9568,"0"
9569,"1"
9570,"0"
9571,"0"
9572,"0"
9573,"0"
9574,"1"
9575,"1"
9576,"0"
9577,"0"
9578,"0"
9579,"0"
9580,"0"
9581,"1"
9582,"1"
9583,"1"
9584,"0"
9585,"0"
9586,"1"
9587,"0"
9588,"0"
9589,"1"
9590,"0"
9591,"0"
9592,"1"
9593,"0"
9594,"1"
9595,"1"
9596,"0"
9597,"0"
9598,"0"
9599,"1"
9600,"0"
9601,"0"
9602,"1"
9603,"0"
9604,"0"
9605,"0"
9606,"1"
9607,"1"
9608,"1"
9609,"1"
9610,"0"
9611,"0"
9612,"1"
9613,"1"
9614,"1"
9615,"1"
9616,"1"
9617,"1"
9618,"1"
9619,"0"
9620,"1"
9621,"1"
9622,"1"
9623,"1"
9624,"1"
9625,"1"
9626,"0"
9627,"1"
9628,"1"
9629,"0"
9630,"1"
9631,"0"
9632,"1"
9633,"0"
9634,"1"
9635,"1"
9636,"0"
9637,"1"
9638,"0"
9639,"1"
9640,"1"
9641,"1"
9642,"1"
9643,"0"
9644,"1"
9645,"0"
9646,"1"
9647,"1"
9648,"0"
9649,"1"
9650,"1"
9651,"0"
9652,"1"
9653,"1"
9654,"0"
9655,"1"
9656,"1"
9657,"0"
9658,"1"
9659,"1"
9660,"0"
9661,"0"
9662,"1"
9663,"0"
9664,"1"
9665,"0"
9666,"1"
9667,"0"
9668,"1"
9669,"0"
9670,"0"
9671,"1"
9672,"0"
9673,"0"
9674,"1"
9675,"1"
9676,"1"
9677,"1"
9678,"1"
9679,"0"
9680,"1"
9681,"1"
9682,"1"
9683,"1"
9684,"1"
9685,"1"
9686,"1"
9687,"1"
9688,"1"
9689,"1"
9690,"1"
9691,"0"
9692,"1"
9693,"1"
9694,"0"
9695,"0"
9696,"1"
9697,"1"
9698,"0"
9699,"1"
9700,"0"
9701,"0"
9702,"1"
9703,"1"
9704,"0"
9705,"1"
9706,"1"
9707,"0"
9708,"1"
9709,"1"
9710,"1"
9711,"0"
9712,"1"
9713,"0"
9714,"1"
9715,"0"
9716,"1"
9717,"1"
9718,"1"
9719,"1"
9720,"0"
9721,"0"
9722,"1"
9723,"0"
9724,"1"
9725,"0"
9726,"1"
9727,"1"
9728,"0"
9729,"1"
9730,"0"
9731,"1"
9732,"1"
9733,"1"
9734,"0"
9735,"0"
9736,"0"
9737,"0"
9738,"0"
9739,"0"
9740,"0"
9741,"1"
9742,"1"
9743,"0"
9744,"0"
9745,"1"
9746,"1"
9747,"1"
9748,"0"
9749,"0"
9750,"0"
9751,"1"
9752,"0"
9753,"1"
9754,"1"
9755,"1"
9756,"1"
9757,"1"
9758,"1"
9759,"0"
9760,"1"
9761,"1"
9762,"1"
9763,"1"
9764,"1"
9765,"0"
9766,"1"
9767,"0"
9768,"0"
9769,"1"
9770,"0"
9771,"1"
9772,"0"
9773,"1"
9774,"1"
9775,"0"
9776,"0"
9777,"1"
9778,"0"
9779,"0"
9780,"0"
9781,"0"
9782,"1"
9783,"1"
9784,"1"
9785,"1"
9786,"1"
9787,"1"
9788,"1"
9789,"1"
9790,"0"
9791,"0"
9792,"0"
9793,"0"
9794,"1"
9795,"0"
9796,"0"
9797,"0"
9798,"0"
9799,"1"
9800,"1"
9801,"0"
9802,"1"
9803,"0"
9804,"0"
9805,"1"
9806,"0"
9807,"0"
9808,"0"
9809,"1"
9810,"1"
9811,"1"
9812,"0"
9813,"0"
9814,"0"
9815,"1"
9816,"0"
9817,"1"
9818,"1"
9819,"1"
9820,"1"
9821,"0"
9822,"1"
9823,"1"
9824,"0"
9825,"1"
9826,"0"
9827,"1"
9828,"0"
9829,"0"
9830,"0"
9831,"0"
9832,"1"
9833,"0"
9834,"0"
9835,"1"
9836,"1"
9837,"1"
9838,"1"
9839,"1"
9840,"0"
9841,"0"
9842,"0"
9843,"0"
9844,"1"
9845,"0"
9846,"1"
9847,"1"
9848,"0"
9849,"0"
9850,"1"
9851,"1"
9852,"1"
9853,"0"
9854,"1"
9855,"1"
9856,"0"
9857,"0"
9858,"1"
9859,"1"
9860,"1"
9861,"1"
9862,"1"
9863,"0"
9864,"0"
9865,"1"
9866,"0"
9867,"1"
9868,"1"
9869,"0"
9870,"1"
9871,"1"
9872,"1"
9873,"0"
9874,"0"
9875,"0"
9876,"0"
9877,"1"
9878,"0"
9879,"1"
9880,"0"
9881,"1"
9882,"1"
9883,"1"
9884,"1"
9885,"0"
9886,"1"
9887,"1"
9888,"1"
9889,"1"
9890,"1"
9891,"1"
9892,"1"
9893,"1"
9894,"1"
9895,"0"
9896,"0"
9897,"0"
9898,"1"
9899,"0"
9900,"0"
9901,"0"
9902,"0"
9903,"0"
9904,"0"
9905,"0"
9906,"0"
9907,"1"
9908,"1"
9909,"1"
9910,"1"
9911,"0"
9912,"1"
9913,"0"
9914,"1"
9915,"0"
9916,"1"
9917,"0"
9918,"0"
9919,"0"
9920,"1"
9921,"1"
9922,"1"
9923,"0"
9924,"1"
9925,"1"
9926,"1"
9927,"0"
9928,"0"
9929,"0"
9930,"1"
9931,"0"
9932,"1"
9933,"0"
9934,"1"
9935,"0"
9936,"0"
9937,"1"
9938,"1"
9939,"1"
9940,"1"
9941,"1"
9942,"1"
9943,"0"
9944,"1"
9945,"1"
9946,"0"
9947,"1"
9948,"1"
9949,"1"
9950,"1"
9951,"1"
9952,"1"
9953,"1"
9954,"0"
9955,"1"
9956,"1"
9957,"1"
9958,"0"
9959,"0"
9960,"1"
9961,"0"
9962,"1"
9963,"1"
9964,"1"
9965,"0"
9966,"1"
9967,"0"
9968,"1"
9969,"1"
9970,"1"
9971,"1"
9972,"1"
9973,"0"
9974,"1"
9975,"0"
9976,"1"
9977,"1"
9978,"1"
9979,"0"
9980,"1"
9981,"0"
9982,"0"
9983,"1"
9984,"1"
9985,"0"
9986,"1"
9987,"0"
9988,"1"
9989,"1"
9990,"1"
9991,"0"
9992,"1"
9993,"1"
9994,"0"
9995,"0"
9996,"0"
9997,"1"
9998,"1"
9999,"1"
